{"cameraMode":{"drawMode":0,"name":"Shaded","section":"Shading Mode"},"sceneLighting":true,"audioPlay":false,"sceneViewState":{"showFog":true,"showMaterialUpdate":false,"showSkybox":true,"showFlares":true,"showImageEffects":true,"showParticleSystems":true},"in2DMode":false,"pivot":{"x":-1.4743914604187012,"y":7.693939685821533,"z":-26.96725082397461},"rotation":{"x":-0.00016938905173446983,"y":-0.9832665324211121,"z":0.0009373991633765399,"w":-0.18222860991954804},"size":10.344622611999512,"orthographic":false}