{"cameraMode":{"drawMode":0,"name":"Shaded","section":"Shading Mode"},"sceneLighting":false,"audioPlay":false,"sceneViewState":{"showFog":true,"showMaterialUpdate":false,"showSkybox":false,"showFlares":true,"showImageEffects":true,"showParticleSystems":true},"in2DMode":false,"pivot":{"x":-0.0005856938660144806,"y":-0.006620476022362709,"z":0.0005488386377692223},"rotation":{"x":-0.0062134708277881149,"y":-0.9680386781692505,"z":0.24956385791301728,"w":-0.024102969095110894},"size":0.6621650457382202,"orthographic":false}